[
  {
    "site": "dlhd.so",
    "submitted_data": {
      "url": "https://dlhd.so/embed/stream-303.php",
      "showBrowser": false,
      "timeout": 20000,
      "browserType": "Firefox",
      "stealth": "false",
      "selectors": "",
      "bruteClick": "false",
      "mustContain": "",
      "notContain": "",
      "cusUseragent": "random",
      "ref": "",
      "block": "css,images,audio",
      "blistjs": "false",
      "adblock": "true",
      "frame": "false",
      "uniqueId": "requestData"
    }
  },
  {
    "site": "vidsrc.pro",
    "submitted_data": {
      "url": "https://vidsrc.pro/embed/movie/105",
      "showBrowser": "false",
      "timeout": 15000,
      "browserType": "Firefox",
      "stealth": "false",
      "selectors": "",
      "bruteClick": "false",
      "mustContain": "",
      "notContain": "",
      "cusUseragent": "random",
      "ref": "",
      "block": "css,images,audio",
      "frame": "true",
      "adblock": "true",
      "blistjs": "false"
    }
  },
  {
    "site": "www.essential.wtf",
    "submitted_data": {
      "url": "https://www.essential.wtf/media/tmdb-movie-105",
      "timeout": 20000,
      "mustContain": "",
      "notContain": "",
      "cusUseragent": "random",
      "selectors": "",
      "bruteClick": "false",
      "stealth": "true",
      "frame": "false",
      "adblock": "false",
      "ref": "",
      "block": "",
      "proxy": "",
      "showBrowser": false,
      "blistjs": "false",
      "browserType": "Firefox"
    }
  },
  {
    "site": "www.watching.zone",
    "submitted_data": {
      "url": "https://www.watching.zone/watch/movie/_105",
      "timeout": 20000,
      "mustContain": "",
      "notContain": "",
      "cusUseragent": "random",
      "selectors": "",
      "bruteClick": "false",
      "stealth": "true",
      "frame": "false",
      "adblock": "true",
      "ref": "",
      "block": "css,images,audio",
      "proxy": "",
      "showBrowser": false,
      "blistjs": "false",
      "browserType": "Firefox"
    }
  },
  {
    "site": "nunflix.com",
    "submitted_data": {
      "url": "https://nunflix.com/movie/105",
      "showBrowser": "false",
      "timeout": 20000,
      "browserType": "Firefox",
      "stealth": "true",
      "selectors": "div[class=\"title\"],.playbtn",
      "bruteClick": "false",
      "mustContain": "",
      "notContain": "",
      "cusUseragent": "random",
      "ref": "",
      "block": "images,audio",
      "blistjs": "false",
      "adblock": "true",
      "frame": "false"
    }
  },
  {
    "site": "sudo-flix.lol",
    "submitted_data": {
      "url": "https://sudo-flix.lol/media/tmdb-movie-105",
      "timeout": 20000,
      "mustContain": "",
      "notContain": "",
      "cusUseragent": "random",
      "selectors": "",
      "bruteClick": "false",
      "stealth": "true",
      "frame": "false",
      "adblock": "true",
      "ref": "",
      "block": "css,images,audio",
      "proxy": "",
      "showBrowser": false,
      "blistjs": "false",
      "browserType": "Firefox"
    }
  },
  {
    "site": "primeflix.lol",
    "submitted_data": {
      "url": "https://primeflix.lol/movie/105/stream",
      "timeout": 20000,
      "mustContain": "",
      "notContain": "",
      "cusUseragent": "random",
      "selectors": "",
      "bruteClick": "false",
      "stealth": "true",
      "frame": "false",
      "adblock": "true",
      "ref": "",
      "block": "css,images,audio",
      "proxy": "",
      "showBrowser": false,
      "blistjs": "false",
      "browserType": "Firefox"
    }
  },
  {
    "site": "watchwave-v2.vercel.app",
    "submitted_data": {
      "url": "https://watchwave-v2.vercel.app/watch/movie/122",
      "timeout": 20000,
      "selectors": "//button[normalize-space()='Play'],//h3[normalize-space()='Custom Player']",
      "bruteClick": "false",
      "mustContain": "",
      "notContain": "",
      "cusUseragent": "random",
      "ref": "",
      "block": "css,images,audio",
      "showBrowser": "false",
      "stealth": "true",
      "frame": "false",
      "adblock": "true",
      "blistjs": "false",
      "browserType": "Firefox"
    }
  },
  {
    "site": "criaflix.live",
    "submitted_data": {
      "url": "https://criaflix.live/movie/105/",
      "timeout": 20000,
      "mustContain": "",
      "notContain": "",
      "cusUseragent": "random",
      "selectors": "",
      "bruteClick": "false",
      "stealth": "true",
      "frame": "false",
      "adblock": "true",
      "ref": "",
      "block": "css,images,audio",
      "proxy": "",
      "showBrowser": false,
      "blistjs": "false",
      "browserType": "Firefox"
    }
  },
  {
    "site": "binged.live",
    "submitted_data": {
      "url": "https://binged.live/watch/movie/105",
      "timeout": 20000,
      "mustContain": "",
      "notContain": "",
      "cusUseragent": "random",
      "selectors": "",
      "bruteClick": "false",
      "stealth": "true",
      "frame": "false",
      "adblock": "true",
      "ref": "",
      "block": "css,images,audio",
      "proxy": "",
      "showBrowser": false,
      "blistjs": "false",
      "browserType": "Firefox"
    }
  },
  {
    "site": "cinexplore.net",
    "submitted_data": {
      "url": "https://cinexplore.net/#/media/tmdb-movie-105",
      "timeout": 20000,
      "mustContain": "",
      "notContain": "",
      "cusUseragent": "random",
      "selectors": "",
      "bruteClick": "false",
      "stealth": "true",
      "frame": "false",
      "adblock": "true",
      "ref": "",
      "block": "css,images,audio",
      "proxy": "",
      "showBrowser": false,
      "blistjs": "false",
      "browserType": "Firefox"
    }
  },
  {
    "site": "w1.nites.is",
    "submitted_data": {
      "url": "https://w1.nites.is/movies/back-to-the-future/",
      "timeout": 15000,
      "selectors": "",
      "bruteClick": "false",
      "mustContain": "",
      "notContain": "",
      "cusUseragent": "random",
      "ref": "",
      "block": "css,images,audio",
      "showBrowser": "false",
      "stealth": "false",
      "frame": "false",
      "adblock": "true",
      "blistjs": "false",
      "browserType": "Firefox"
    }
  },
  {
    "site": "moviesapi.club",
    "submitted_data": {
      "url": "https://moviesapi.club/movie/105",
      "showBrowser": "false",
      "timeout": 15000,
      "browserType": "Firefox",
      "stealth": "true",
      "selectors": "",
      "bruteClick": "false",
      "mustContain": "",
      "notContain": "",
      "cusUseragent": "random",
      "ref": "",
      "block": "",
      "blistjs": "false",
      "adblock": "true",
      "frame": "true",
      "uniqueId": "requestData"
    }
  },
  {
    "site": "www.2embed.cc",
    "submitted_data": {
      "url": "https://www.2embed.cc/embed/609681",
      "timeout": 15000,
      "selectors": ".playbtnx",
      "bruteClick": "false",
      "mustContain": "",
      "notContain": "",
      "cusUseragent": "random",
      "ref": "",
      "block": "",
      "showBrowser": "false",
      "stealth": "true",
      "frame": "true",
      "adblock": "true",
      "blistjs": "true",
      "browserType": "Firefox"
    }
  },
  {
    "site": "vidsrc.net",
    "submitted_data": {
      "url": "https://vidsrc.net/embed/movie/105",
      "showBrowser": "false",
      "timeout": 15000,
      "browserType": "Chrome",
      "stealth": "true",
      "selectors": "#the_frame",
      "bruteClick": "by-element",
      "mustContain": "",
      "notContain": "",
      "cusUseragent": "random",
      "ref": "",
      "block": "",
      "blistjs": "false",
      "adblock": "true",
      "frame": "false",
      "uniqueId": "requestData"
    }
  },
  {
    "site": "txxx.com",
    "submitted_data": {
      "url": "https://txxx.com/videos/1455695/sucking-a-monster-cock/",
      "showBrowser": "false",
      "timeout": 15000,
      "browserType": "Chrome",
      "stealth": "true",
      "selectors": "div[class=\"jw-icon jw-icon-display jw-button-color jw-reset\"]",
      "bruteClick": "false",
      "mustContain": "",
      "notContain": "_tr",
      "cusUseragent": "random",
      "ref": "",
      "block": "",
      "blistjs": "false",
      "adblock": "true",
      "frame": "false"
    }
  },
  {
    "site": "check.porn",
    "submitted_data": {
      "url": "https://check.porn/videos/new-sensations-milf-stepmom-notices-my-big-boner-dee-williams",
      "showBrowser": "false",
      "timeout": 15000,
      "browserType": "Chrome",
      "stealth": "true",
      "selectors": "button[class=\"plyr__control plyr__control--overlaid\"]",
      "bruteClick": "false",
      "mustContain": "",
      "notContain": "preview",
      "cusUseragent": "random",
      "ref": "",
      "block": "",
      "blistjs": "false",
      "adblock": "true",
      "frame": "false",
      "uniqueId": "requestData"
    }
  },
  {
    "site": "pornheal.com",
    "submitted_data": {
      "url": "https://pornheal.com/videos/50118/?utm_source=menno&utm_medium=cpc&utm_content=111",
      "showBrowser": "false",
      "timeout": 15000,
      "browserType": "Chrome",
      "stealth": "true",
      "selectors": "a[class=\"fp-play\"]",
      "bruteClick": "false",
      "mustContain": "get_file",
      "notContain": "aucdn,afcdn",
      "cusUseragent": "random",
      "ref": "",
      "block": "",
      "blistjs": "false",
      "adblocks": "true",
      "frame": "false",
      "adblock": "true",
      "uniqueId": "requestData"
    }
  },
  {
    "site": "rumble.com",
    "submitted_data": {
      "url": "https://rumble.com/v50o53l-star-citizen-with-the-brother-bears-rumble-studio-edition.html",
      "showBrowser": "false",
      "timeout": 15000,
      "browserType": "Chrome",
      "stealth": "true",
      "selectors": "",
      "bruteClick": "false",
      "mustContain": "",
      "notContain": "",
      "cusUseragent": "random",
      "ref": "",
      "block": "",
      "blistjs": "false",
      "adblock": "false",
      "frame": "false",
      "uniqueId": "requestData"
    }
  },
  {
    "site": "www.bitchute.com",
    "submitted_data": {
      "url": "https://www.bitchute.com/video/ILGeAoYvKytr/",
      "showBrowser": "false",
      "timeout": 15000,
      "browserType": "Firefox",
      "stealth": "true",
      "selectors": "",
      "bruteClick": "false",
      "mustContain": "",
      "notContain": "",
      "cusUseragent": "random",
      "ref": "",
      "block": "",
      "frame": "false",
      "adblock": "true",
      "uniqueId": "requestData"
    }
  },
  {
    "site": "galaxyporn.net",
    "submitted_data": {
      "url": "https://galaxyporn.net/pornplus-aria-valencia-brock-cooper-stream-and-fuck-2024-06-09-1080p/",
      "showBrowser": "false",
      "timeout": 15000,
      "browserType": "Firefox",
      "stealth": "true",
      "selectors": "div[class=\"jw-icon jw-icon-display jw-button-color jw-reset\"]",
      "bruteClick": "false",
      "mustContain": "&expires=",
      "notContain": "thumb,ahcdn.com",
      "cusUseragent": "random",
      "ref": "",
      "block": "",
      "adblock": "true",
      "frame": "false",
      "blistjs": "false",
      "uniqueId": "requestData"
    }
  },
  {
    "site": "shooshtime.com",
    "submitted_data": {
      "url": "https://shooshtime.com/videos/155470/155470_wife-1/",
      "showBrowser": "false",
      "timeout": 15000,
      "browserType": "Chrome",
      "stealth": "true",
      "selectors": "",
      "bruteClick": "false",
      "mustContain": "",
      "notContain": "afcdn.net,m4ngocams",
      "cusUseragent": "random",
      "ref": "",
      "block": "",
      "adblock": "true",
      "frame": "false",
      "uniqueId": "requestData"
    }
  },
  {
    "site": "www.braflix.so",
    "submitted_data": {
      "url": "https://www.braflix.so/movie/123?play=true",
      "showBrowser": "false",
      "timeout": 20000,
      "browserType": "Firefox",
      "stealth": "true",
      "selectors": "//button[@class=\"flex items-center justify-center w-20 h-20 rounded-full bg-white/20\"]",
      "bruteClick": "center-left",
      "mustContain": "",
      "notContain": "",
      "cusUseragent": "random",
      "ref": "",
      "block": "",
      "blistjs": "false",
      "adblock": "true",
      "frame": "false",
      "uniqueId": "requestData"
    }
  },
  {
    "site": "filelions.site",
    "submitted_data": {
      "url": "https://filelions.site/file/95mnexb8mcow",
      "showBrowser": "false",
      "timeout": 15000,
      "browserType": "Firefox",
      "stealth": "true",
      "selectors": "div[class=\"jw-icon jw-icon-display jw-button-color jw-reset\"]",
      "bruteClick": "by-element",
      "mustContain": "",
      "notContain": "",
      "cusUseragent": "random",
      "ref": "",
      "block": "",
      "blistjs": "false",
      "adblock": "true",
      "frame": "false",
      "uniqueId": "requestData"
    }
  },
  {
    "site": "vtbe.to",
    "submitted_data": {
      "url": "https://vtbe.to/embed-9q4v9fo9fvea.html",
      "showBrowser": "false",
      "timeout": 15000,
      "browserType": "Firefox",
      "stealth": "true",
      "selectors": "jw-video",
      "bruteClick": "by-element",
      "mustContain": "",
      "notContain": "",
      "cusUseragent": "random",
      "ref": "",
      "block": "",
      "blistjs": "false",
      "adblock": "true",
      "frame": "true",
      "uniqueId": "requestData"
    }
  },
  {
    "site": "thetvapp.to",
    "submitted_data": {
      "url": "https://thetvapp.to/tv/amc-live-stream/",
      "showBrowser": "false",
      "timeout": 15000,
      "browserType": "Firefox",
      "stealth": "true",
      "selectors": "",
      "bruteClick": "false",
      "mustContain": "token",
      "notContain": "",
      "cusUseragent": "random",
      "ref": "",
      "block": "",
      "blistjs": "false",
      "adblock": "false",
      "frame": "false",
      "uniqueId": "requestData"
    }
  },
  {
    "site": "play.123embed.net",
    "submitted_data": {
      "url": "https://play.123embed.net/tv/206586-S1/1",
      "showBrowser": "false",
      "timeout": 15000,
      "browserType": "Firefox",
      "stealth": "true",
      "selectors": "div[class=\"jw-icon jw-icon-display jw-button-color jw-reset\"]",
      "bruteClick": "false",
      "mustContain": "",
      "notContain": "",
      "cusUseragent": "random",
      "ref": "",
      "block": "",
      "blistjs": "false",
      "adblock": "true",
      "frame": "false",
      "uniqueId": "requestData"
    }
  },
  {
    "site": "play2.123embed.net",
    "submitted_data": {
      "url": "https://play2.123embed.net/movie/105",
      "showBrowser": "false",
      "timeout": 15000,
      "browserType": "Firefox",
      "stealth": "true",
      "selectors": "",
      "bruteClick": "false",
      "mustContain": "",
      "notContain": "",
      "cusUseragent": "Mozilla/5.0 (Windows NT 10.0; Win64; x64; rv:126.0) Gecko/20100101 Firefox/126.0",
      "ref": "",
      "block": "",
      "blistjs": "false",
      "adblock": "true",
      "frame": "false",
      "uniqueId": "requestData"
    }
  },
  {
    "site": "v2.nontongo.win",
    "submitted_data": {
      "url": "https://v2.nontongo.win/torrent/105",
      "showBrowser": "false",
      "timeout": 20000,
      "browserType": "Firefox",
      "stealth": "true",
      "selectors": "#ancokplayerx",
      "bruteClick": "false",
      "mustContain": "",
      "notContain": "",
      "cusUseragent": "Mozilla/5.0 (Windows NT 10.0; Win64; x64; rv:126.0) Gecko/20100101 Firefox/126.0",
      "ref": "https://www.nontongo.win/",
      "block": "",
      "blistjs": "false",
      "adblock": "true",
      "frame": "false",
      "uniqueId": "requestData"
    }
  },
  {
    "site": "rabbitstream.net",
    "submitted_data": {
      "url": "https://rabbitstream.net/v2/embed-4/jNh3hvk5BoRp",
      "showBrowser": false,
      "timeout": 15000,
      "browserType": "Firefox",
      "stealth": "false",
      "selectors": "div[class=\"jw-icon jw-icon-display jw-button-color jw-reset\"]",
      "bruteClick": "false",
      "mustContain": "",
      "notContain": "",
      "cusUseragent": "random",
      "ref": "https://gomovies.sx/",
      "block": "",
      "blistjs": "false",
      "adblock": "true",
      "frame": "true",
      "uniqueId": "requestData"
    }
  },
  {
    "site": "dood.re",
    "submitted_data": {
      "url": "https://dood.re/e/o09so0swzmcg",
      "showBrowser": false,
      "timeout": 15000,
      "browserType": "Firefox",
      "stealth": "true",
      "selectors": "//button[@title=\"Play Video\"]//span[@class=\"vjs-icon-placeholder\"]",
      "bruteClick": "false",
      "mustContain": "",
      "notContain": "op=watch",
      "cusUseragent": "random",
      "ref": "",
      "block": "",
      "blistjs": "false",
      "adblock": "true",
      "frame": "false",
      "uniqueId": "requestData"
    }
  }
]