[ { "num": 0, "name": "A&E", "stream_type": "live", "stream_id": 0, "stream_icon": "http:\/\/schedulesdirect-api20141201-logos.s3.dualstack.us-east-1.amazonaws.com\/stationLogos\/s51529_dark_360w_270h.png", "epg_channel_id": "AandE(East).us", "added": 1697810189, "category_id": "200", "custom_sid": "", "tv_archive": 0, "direct_source": "https:\/\/thetvapp.to\/tv\/ae-live-stream\/", "tv_archive_duration": 0 }, { "num": 1, "name": "AMC", "stream_type": "live", "stream_id": 1, "stream_icon": "http:\/\/schedulesdirect-api20141201-logos.s3.dualstack.us-east-1.amazonaws.com\/stationLogos\/s10021_dark_360w_270h.png", "epg_channel_id": "AMC.us", "added": 1697810189, "category_id": "200", "custom_sid": "", "tv_archive": 0, "direct_source": "https:\/\/thetvapp.to\/tv\/amc-live-stream\/", "tv_archive_duration": 0 }, { "num": 2, "name": "American Heroes Channel", "stream_type": "live", "stream_id": 2, "stream_icon": "http:\/\/schedulesdirect-api20141201-logos.s3.dualstack.us-east-1.amazonaws.com\/stationLogos\/s18284_dark_360w_270h.png", "epg_channel_id": "AmericanHeroesChannel.us", "added": 1697810189, "category_id": "200", "custom_sid": "", "tv_archive": 0, "direct_source": "https:\/\/thetvapp.to\/tv\/american-heroes-channel-live-stream\/", "tv_archive_duration": 0 }, { "num": 3, "name": "Animal Planet", "stream_type": "live", "stream_id": 3, "stream_icon": "http:\/\/schedulesdirect-api20141201-logos.s3.dualstack.us-east-1.amazonaws.com\/stationLogos\/s16331_dark_360w_270h.png", "epg_channel_id": "AnimalPlanet.us", "added": 1697810189, "category_id": "200", "custom_sid": "", "tv_archive": 0, "direct_source": "https:\/\/thetvapp.to\/tv\/animal-planet-live-stream\/", "tv_archive_duration": 0 }, { "num": 4, "name": "BBC America", "stream_type": "live", "stream_id": 4, "stream_icon": "http:\/\/schedulesdirect-api20141201-logos.s3.dualstack.us-east-1.amazonaws.com\/stationLogos\/s18332_dark_360w_270h.png", "epg_channel_id": "BBCAmerica.us", "added": 1697810189, "category_id": "200", "custom_sid": "", "tv_archive": 0, "direct_source": "https:\/\/thetvapp.to\/tv\/bbc-america-live-stream\/", "tv_archive_duration": 0 }, { "num": 5, "name": "BBC World News HD", "stream_type": "live", "stream_id": 5, "stream_icon": "http:\/\/schedulesdirect-api20141201-logos.s3.dualstack.us-east-1.amazonaws.com\/stationLogos\/s24448_dark_360w_270h.png", "epg_channel_id": "BBCWorldService.uk", "added": 1697810189, "category_id": "200", "custom_sid": "", "tv_archive": 0, "direct_source": "https:\/\/thetvapp.to\/tv\/bbc-world-news-hd-live-stream\/", "tv_archive_duration": 0 }, { "num": 6, "name": "BET", "stream_type": "live", "stream_id": 6, "stream_icon": "http:\/\/schedulesdirect-api20141201-logos.s3.dualstack.us-east-1.amazonaws.com\/stationLogos\/s10051_dark_360w_270h.png", "epg_channel_id": "BET.us", "added": 1697810189, "category_id": "200", "custom_sid": "", "tv_archive": 0, "direct_source": "https:\/\/thetvapp.to\/tv\/bet-live-stream\/", "tv_archive_duration": 0 }, { "num": 7, "name": "BET Her", "stream_type": "live", "stream_id": 7, "stream_icon": "http:\/\/schedulesdirect-api20141201-logos.s3.dualstack.us-east-1.amazonaws.com\/stationLogos\/s14897_dark_360w_270h.png", "epg_channel_id": "BETHer.us", "added": 1697810189, "category_id": "200", "custom_sid": "", "tv_archive": 0, "direct_source": "https:\/\/thetvapp.to\/tv\/bet-her-live-stream\/", "tv_archive_duration": 0 }, { "num": 8, "name": "Bloomberg TV", "stream_type": "live", "stream_id": 8, "stream_icon": "http:\/\/schedulesdirect-api20141201-logos.s3.dualstack.us-east-1.amazonaws.com\/stationLogos\/s123870_dark_360w_270h.png", "epg_channel_id": "BloombergOriginals.us", "added": 1697810189, "category_id": "200", "custom_sid": "", "tv_archive": 0, "direct_source": "https:\/\/thetvapp.to\/tv\/bloomberg-tv-live-stream\/", "tv_archive_duration": 0 }, { "num": 9, "name": "Boomerang", "stream_type": "live", "stream_id": 9, "stream_icon": "http:\/\/schedulesdirect-api20141201-logos.s3.dualstack.us-east-1.amazonaws.com\/stationLogos\/s21883_dark_360w_270h.png", "epg_channel_id": "Boomerang.us", "added": 1697810189, "category_id": "200", "custom_sid": "", "tv_archive": 0, "direct_source": "https:\/\/thetvapp.to\/tv\/boomerang-live-stream\/", "tv_archive_duration": 0 }, { "num": 10, "name": "Bravo", "stream_type": "live", "stream_id": 10, "stream_icon": "http:\/\/schedulesdirect-api20141201-logos.s3.dualstack.us-east-1.amazonaws.com\/stationLogos\/s10057_dark_360w_270h.png", "epg_channel_id": "Bravo.us", "added": 1697810189, "category_id": "200", "custom_sid": "", "tv_archive": 0, "direct_source": "https:\/\/thetvapp.to\/tv\/bravo-live-stream\/", "tv_archive_duration": 0 }, { "num": 11, "name": "Cartoon Network", "stream_type": "live", "stream_id": 11, "stream_icon": "http:\/\/schedulesdirect-api20141201-logos.s3.dualstack.us-east-1.amazonaws.com\/stationLogos\/s12131_dark_360w_270h.png", "epg_channel_id": "CartoonNetwork.us", "added": 1697810189, "category_id": "200", "custom_sid": "", "tv_archive": 0, "direct_source": "https:\/\/thetvapp.to\/tv\/cartoon-network-live-stream\/", "tv_archive_duration": 0 }, { "num": 12, "name": "CBS Sports Network", "stream_type": "live", "stream_id": 12, "stream_icon": "http:\/\/schedulesdirect-api20141201-logos.s3.dualstack.us-east-1.amazonaws.com\/stationLogos\/s16365_dark_360w_270h.png", "epg_channel_id": "CBSSportsNetwork.us", "added": 1697810189, "category_id": "200", "custom_sid": "", "tv_archive": 0, "direct_source": "https:\/\/thetvapp.to\/tv\/cbs-sports-network-live-stream\/", "tv_archive_duration": 0 }, { "num": 13, "name": "Cinemax", "stream_type": "live", "stream_id": 13, "stream_icon": "http:\/\/schedulesdirect-api20141201-logos.s3.dualstack.us-east-1.amazonaws.com\/stationLogos\/s10120_dark_360w_270h.png", "epg_channel_id": "Cinemax.us", "added": 1697810189, "category_id": "200", "custom_sid": "", "tv_archive": 0, "direct_source": "https:\/\/thetvapp.to\/tv\/cinemax-live-stream\/", "tv_archive_duration": 0 }, { "num": 14, "name": "CMT", "stream_type": "live", "stream_id": 14, "stream_icon": "http:\/\/schedulesdirect-api20141201-logos.s3.dualstack.us-east-1.amazonaws.com\/stationLogos\/s10138_dark_360w_270h.png", "epg_channel_id": "CMT.us", "added": 1697810189, "category_id": "200", "custom_sid": "", "tv_archive": 0, "direct_source": "https:\/\/thetvapp.to\/tv\/cmt-live-stream\/", "tv_archive_duration": 0 }, { "num": 15, "name": "CNBC", "stream_type": "live", "stream_id": 15, "stream_icon": "http:\/\/schedulesdirect-api20141201-logos.s3.dualstack.us-east-1.amazonaws.com\/stationLogos\/s10139_dark_360w_270h.png", "epg_channel_id": "CNBC.us", "added": 1697810189, "category_id": "200", "custom_sid": "", "tv_archive": 0, "direct_source": "https:\/\/thetvapp.to\/tv\/cnbc-live-stream\/", "tv_archive_duration": 0 }, { "num": 16, "name": "CNN", "stream_type": "live", "stream_id": 16, "stream_icon": "http:\/\/schedulesdirect-api20141201-logos.s3.dualstack.us-east-1.amazonaws.com\/stationLogos\/s58646_dark_360w_270h.png", "epg_channel_id": "CNN.us", "added": 1697810189, "category_id": "200", "custom_sid": "", "tv_archive": 0, "direct_source": "https:\/\/thetvapp.to\/tv\/cnn-live-stream\/", "tv_archive_duration": 0 }, { "num": 17, "name": "Comedy Central", "stream_type": "live", "stream_id": 17, "stream_icon": "http:\/\/schedulesdirect-api20141201-logos.s3.dualstack.us-east-1.amazonaws.com\/stationLogos\/s10149_dark_360w_270h.png", "epg_channel_id": "ComedyCentral.us", "added": 1697810189, "category_id": "200", "custom_sid": "", "tv_archive": 0, "direct_source": "https:\/\/thetvapp.to\/tv\/comedy-central-live-stream\/", "tv_archive_duration": 0 }, { "num": 18, "name": "Cooking Channel", "stream_type": "live", "stream_id": 18, "stream_icon": "http:\/\/schedulesdirect-api20141201-logos.s3.dualstack.us-east-1.amazonaws.com\/stationLogos\/s30156_dark_360w_270h.png", "epg_channel_id": "CookingChannel.us", "added": 1697810189, "category_id": "200", "custom_sid": "", "tv_archive": 0, "direct_source": "https:\/\/thetvapp.to\/tv\/cooking-channel-live-stream\/", "tv_archive_duration": 0 }, { "num": 19, "name": "Crime & Investigation HD", "stream_type": "live", "stream_id": 19, "stream_icon": "http:\/\/schedulesdirect-api20141201-logos.s3.dualstack.us-east-1.amazonaws.com\/stationLogos\/s61469_dark_360w_270h.png", "epg_channel_id": "CrimeandInvestigationNetwork.us", "added": 1697810189, "category_id": "200", "custom_sid": "", "tv_archive": 0, "direct_source": "https:\/\/thetvapp.to\/tv\/crime-investigation-hd-live-stream\/", "tv_archive_duration": 0 }, { "num": 20, "name": "CSPAN", "stream_type": "live", "stream_id": 20, "stream_icon": "http:\/\/schedulesdirect-api20141201-logos.s3.dualstack.us-east-1.amazonaws.com\/stationLogos\/s10161_dark_360w_270h.png", "epg_channel_id": "CSPAN.us", "added": 1697810189, "category_id": "200", "custom_sid": "", "tv_archive": 0, "direct_source": "https:\/\/thetvapp.to\/tv\/cspan-live-stream\/", "tv_archive_duration": 0 }, { "num": 21, "name": "CSPAN 2", "stream_type": "live", "stream_id": 21, "stream_icon": "http:\/\/schedulesdirect-api20141201-logos.s3.dualstack.us-east-1.amazonaws.com\/stationLogos\/s10162_dark_360w_270h.png", "epg_channel_id": "CSPAN2.us", "added": 1697810189, "category_id": "200", "custom_sid": "", "tv_archive": 0, "direct_source": "https:\/\/thetvapp.to\/tv\/cspan-2-live-stream\/", "tv_archive_duration": 0 }, { "num": 22, "name": "Destination America", "stream_type": "live", "stream_id": 22, "stream_icon": "http:\/\/schedulesdirect-api20141201-logos.s3.dualstack.us-east-1.amazonaws.com\/stationLogos\/s16617_dark_360w_270h.png", "epg_channel_id": "DestinationAmerica.us", "added": 1697810189, "category_id": "200", "custom_sid": "", "tv_archive": 0, "direct_source": "https:\/\/thetvapp.to\/tv\/destination-america-live-stream\/", "tv_archive_duration": 0 }, { "num": 23, "name": "Discovery", "stream_type": "live", "stream_id": 23, "stream_icon": "http:\/\/schedulesdirect-api20141201-logos.s3.dualstack.us-east-1.amazonaws.com\/stationLogos\/s11150_dark_360w_270h.png", "epg_channel_id": "DiscoveryChannel.us", "added": 1697810189, "category_id": "200", "custom_sid": "", "tv_archive": 0, "direct_source": "https:\/\/thetvapp.to\/tv\/discovery-live-stream\/", "tv_archive_duration": 0 }, { "num": 24, "name": "Discovery Family Channel", "stream_type": "live", "stream_id": 24, "stream_icon": "http:\/\/schedulesdirect-api20141201-logos.s3.dualstack.us-east-1.amazonaws.com\/stationLogos\/s16618_dark_360w_270h.png", "epg_channel_id": "DiscoveryFamilyChannel.us", "added": 1697810189, "category_id": "200", "custom_sid": "", "tv_archive": 0, "direct_source": "https:\/\/thetvapp.to\/tv\/discovery-family-channel-live-stream\/", "tv_archive_duration": 0 }, { "num": 25, "name": "Discovery Life", "stream_type": "live", "stream_id": 25, "stream_icon": "http:\/\/schedulesdirect-api20141201-logos.s3.dualstack.us-east-1.amazonaws.com\/stationLogos\/s16125_dark_360w_270h.png", "epg_channel_id": "DiscoveryLifeChannel.us", "added": 1697810189, "category_id": "200", "custom_sid": "", "tv_archive": 0, "direct_source": "https:\/\/thetvapp.to\/tv\/discovery-life-live-stream\/", "tv_archive_duration": 0 }, { "num": 26, "name": "Disney Channel (East)", "stream_type": "live", "stream_id": 26, "stream_icon": "http:\/\/schedulesdirect-api20141201-logos.s3.dualstack.us-east-1.amazonaws.com\/stationLogos\/s10171_dark_360w_270h.png", "epg_channel_id": "DisneyChannel.us", "added": 1697810189, "category_id": "200", "custom_sid": "", "tv_archive": 0, "direct_source": "https:\/\/thetvapp.to\/tv\/disney-channel-east-live-stream\/", "tv_archive_duration": 0 }, { "num": 27, "name": "Disney Junior", "stream_type": "live", "stream_id": 27, "stream_icon": "http:\/\/schedulesdirect-api20141201-logos.s3.dualstack.us-east-1.amazonaws.com\/stationLogos\/s74796_dark_360w_270h.png", "epg_channel_id": "DisneyJunior.us", "added": 1697810189, "category_id": "200", "custom_sid": "", "tv_archive": 0, "direct_source": "https:\/\/thetvapp.to\/tv\/disney-junior-live-stream\/", "tv_archive_duration": 0 }, { "num": 28, "name": "Disney XD", "stream_type": "live", "stream_id": 28, "stream_icon": "http:\/\/schedulesdirect-api20141201-logos.s3.dualstack.us-east-1.amazonaws.com\/stationLogos\/s18279_dark_360w_270h.png", "epg_channel_id": "DisneyXD.us", "added": 1697810189, "category_id": "200", "custom_sid": "", "tv_archive": 0, "direct_source": "https:\/\/thetvapp.to\/tv\/disney-xd-live-stream\/", "tv_archive_duration": 0 }, { "num": 29, "name": "E!", "stream_type": "live", "stream_id": 29, "stream_icon": "http:\/\/schedulesdirect-api20141201-logos.s3.dualstack.us-east-1.amazonaws.com\/stationLogos\/s10989_dark_360w_270h.png", "epg_channel_id": "EEntertainmentTelevision.us", "added": 1697810189, "category_id": "200", "custom_sid": "", "tv_archive": 0, "direct_source": "https:\/\/thetvapp.to\/tv\/e-live-stream\/", "tv_archive_duration": 0 }, { "num": 30, "name": "ESPN", "stream_type": "live", "stream_id": 30, "stream_icon": "http:\/\/schedulesdirect-api20141201-logos.s3.dualstack.us-east-1.amazonaws.com\/stationLogos\/s10179_dark_360w_270h.png", "epg_channel_id": "ESPN.us", "added": 1697810189, "category_id": "200", "custom_sid": "", "tv_archive": 0, "direct_source": "https:\/\/thetvapp.to\/tv\/espn-live-stream\/", "tv_archive_duration": 0 }, { "num": 31, "name": "ESPN2", "stream_type": "live", "stream_id": 31, "stream_icon": "http:\/\/schedulesdirect-api20141201-logos.s3.dualstack.us-east-1.amazonaws.com\/stationLogos\/s12444_dark_360w_270h.png", "epg_channel_id": "ESPN2.us", "added": 1697810189, "category_id": "200", "custom_sid": "", "tv_archive": 0, "direct_source": "https:\/\/thetvapp.to\/tv\/espn2-live-stream\/", "tv_archive_duration": 0 }, { "num": 32, "name": "ESPNews", "stream_type": "live", "stream_id": 32, "stream_icon": "http:\/\/schedulesdirect-api20141201-logos.s3.dualstack.us-east-1.amazonaws.com\/stationLogos\/s16485_dark_360w_270h.png", "epg_channel_id": "ESPNEWS.us", "added": 1697810189, "category_id": "200", "custom_sid": "", "tv_archive": 0, "direct_source": "https:\/\/thetvapp.to\/tv\/espnews-live-stream\/", "tv_archive_duration": 0 }, { "num": 33, "name": "ESPNU", "stream_type": "live", "stream_id": 33, "stream_icon": "http:\/\/schedulesdirect-api20141201-logos.s3.dualstack.us-east-1.amazonaws.com\/stationLogos\/s45654_dark_360w_270h.png", "epg_channel_id": "ESPNU.us", "added": 1697810189, "category_id": "200", "custom_sid": "", "tv_archive": 0, "direct_source": "https:\/\/thetvapp.to\/tv\/espnu-live-stream\/", "tv_archive_duration": 0 }, { "num": 34, "name": "Food Network", "stream_type": "live", "stream_id": 34, "stream_icon": "http:\/\/schedulesdirect-api20141201-logos.s3.dualstack.us-east-1.amazonaws.com\/stationLogos\/s12574_dark_360w_270h.png", "epg_channel_id": "FoodNetwork.us", "added": 1697810189, "category_id": "200", "custom_sid": "", "tv_archive": 0, "direct_source": "https:\/\/thetvapp.to\/tv\/food-network-live-stream\/", "tv_archive_duration": 0 }, { "num": 35, "name": "Fox Business Network", "stream_type": "live", "stream_id": 35, "stream_icon": "http:\/\/schedulesdirect-api20141201-logos.s3.dualstack.us-east-1.amazonaws.com\/stationLogos\/s58649_dark_360w_270h.png", "epg_channel_id": "FoxBusiness.us", "added": 1697810189, "category_id": "200", "custom_sid": "", "tv_archive": 0, "direct_source": "https:\/\/thetvapp.to\/tv\/fox-business-network-live-stream\/", "tv_archive_duration": 0 }, { "num": 36, "name": "FOX News Channel", "stream_type": "live", "stream_id": 36, "stream_icon": "http:\/\/schedulesdirect-api20141201-logos.s3.dualstack.us-east-1.amazonaws.com\/stationLogos\/s16374_dark_360w_270h.png", "epg_channel_id": "FoxNewsChannel.us", "added": 1697810189, "category_id": "200", "custom_sid": "", "tv_archive": 0, "direct_source": "https:\/\/thetvapp.to\/tv\/fox-news-channel-live-stream\/", "tv_archive_duration": 0 }, { "num": 37, "name": "FOX Sports 1", "stream_type": "live", "stream_id": 37, "stream_icon": "http:\/\/schedulesdirect-api20141201-logos.s3.dualstack.us-east-1.amazonaws.com\/stationLogos\/s82541_dark_360w_270h.png", "epg_channel_id": "FS1.us", "added": 1697810189, "category_id": "200", "custom_sid": "", "tv_archive": 0, "direct_source": "https:\/\/thetvapp.to\/tv\/fox-sports-1-live-stream\/", "tv_archive_duration": 0 }, { "num": 38, "name": "FOX Sports 2", "stream_type": "live", "stream_id": 38, "stream_icon": "http:\/\/schedulesdirect-api20141201-logos.s3.dualstack.us-east-1.amazonaws.com\/stationLogos\/s59305_dark_360w_270h.png", "epg_channel_id": "FS2.us", "added": 1697810189, "category_id": "200", "custom_sid": "", "tv_archive": 0, "direct_source": "https:\/\/thetvapp.to\/tv\/fox-sports-2-live-stream\/", "tv_archive_duration": 0 }, { "num": 39, "name": "Freeform", "stream_type": "live", "stream_id": 39, "stream_icon": "http:\/\/schedulesdirect-api20141201-logos.s3.dualstack.us-east-1.amazonaws.com\/stationLogos\/s10093_dark_360w_270h.png", "epg_channel_id": "Freeform.us", "added": 1697810189, "category_id": "200", "custom_sid": "", "tv_archive": 0, "direct_source": "https:\/\/thetvapp.to\/tv\/freeform-live-stream\/", "tv_archive_duration": 0 }, { "num": 40, "name": "Fuse HD", "stream_type": "live", "stream_id": 40, "stream_icon": "http:\/\/schedulesdirect-api20141201-logos.s3.amazonaws.com\/stationLogos\/s14929_dark_360w_270h.png", "epg_channel_id": "Fuse.us", "added": 1697810189, "category_id": "200", "custom_sid": "", "tv_archive": 0, "direct_source": "https:\/\/thetvapp.to\/tv\/fuse-hd-live-stream\/", "tv_archive_duration": 0 }, { "num": 41, "name": "FX", "stream_type": "live", "stream_id": 41, "stream_icon": "http:\/\/schedulesdirect-api20141201-logos.s3.dualstack.us-east-1.amazonaws.com\/stationLogos\/s14321_dark_360w_270h.png", "epg_channel_id": "FX.us", "added": 1697810189, "category_id": "200", "custom_sid": "", "tv_archive": 0, "direct_source": "https:\/\/thetvapp.to\/tv\/fx-live-stream\/", "tv_archive_duration": 0 }, { "num": 42, "name": "FX Movie", "stream_type": "live", "stream_id": 42, "stream_icon": "http:\/\/schedulesdirect-api20141201-logos.s3.dualstack.us-east-1.amazonaws.com\/stationLogos\/s70253_dark_360w_270h.png", "epg_channel_id": "FXMovieChannel.us", "added": 1697810189, "category_id": "200", "custom_sid": "", "tv_archive": 0, "direct_source": "https:\/\/thetvapp.to\/tv\/fx-movie-live-stream\/", "tv_archive_duration": 0 }, { "num": 43, "name": "FXX", "stream_type": "live", "stream_id": 43, "stream_icon": "http:\/\/schedulesdirect-api20141201-logos.s3.dualstack.us-east-1.amazonaws.com\/stationLogos\/s17927_dark_360w_270h.png", "epg_channel_id": "FXX.us", "added": 1697810189, "category_id": "200", "custom_sid": "", "tv_archive": 0, "direct_source": "https:\/\/thetvapp.to\/tv\/fxx-live-stream\/", "tv_archive_duration": 0 }, { "num": 44, "name": "FYI", "stream_type": "live", "stream_id": 44, "stream_icon": "http:\/\/schedulesdirect-api20141201-logos.s3.dualstack.us-east-1.amazonaws.com\/stationLogos\/s16834_dark_360w_270h.png", "epg_channel_id": "FYI.us", "added": 1697810189, "category_id": "200", "custom_sid": "", "tv_archive": 0, "direct_source": "https:\/\/thetvapp.to\/tv\/fyi-live-stream\/", "tv_archive_duration": 0 }, { "num": 45, "name": "Golf Channel", "stream_type": "live", "stream_id": 45, "stream_icon": "http:\/\/schedulesdirect-api20141201-logos.s3.dualstack.us-east-1.amazonaws.com\/stationLogos\/s14899_dark_360w_270h.png", "epg_channel_id": "GolfChannel.us", "added": 1697810189, "category_id": "200", "custom_sid": "", "tv_archive": 0, "direct_source": "https:\/\/thetvapp.to\/tv\/golf-channel-live-stream\/", "tv_archive_duration": 0 }, { "num": 46, "name": "Hallmark", "stream_type": "live", "stream_id": 46, "stream_icon": "http:\/\/schedulesdirect-api20141201-logos.s3.dualstack.us-east-1.amazonaws.com\/stationLogos\/s11221_dark_360w_270h.png", "epg_channel_id": "HallmarkChannel.us", "added": 1697810189, "category_id": "200", "custom_sid": "", "tv_archive": 0, "direct_source": "https:\/\/thetvapp.to\/tv\/hallmark-live-stream\/", "tv_archive_duration": 0 }, { "num": 47, "name": "Hallmark Drama HD", "stream_type": "live", "stream_id": 47, "stream_icon": "http:\/\/schedulesdirect-api20141201-logos.s3.dualstack.us-east-1.amazonaws.com\/stationLogos\/s105723_dark_360w_270h.png", "epg_channel_id": "HallmarkDrama.us", "added": 1697810189, "category_id": "200", "custom_sid": "", "tv_archive": 0, "direct_source": "https:\/\/thetvapp.to\/tv\/hallmark-drama-hd-live-stream\/", "tv_archive_duration": 0 }, { "num": 48, "name": "Hallmark Movies & Mysteries HD", "stream_type": "live", "stream_id": 48, "stream_icon": "http:\/\/schedulesdirect-api20141201-logos.s3.dualstack.us-east-1.amazonaws.com\/stationLogos\/s46710_dark_360w_270h.png", "epg_channel_id": "HallmarkMoviesandMysteries.us", "added": 1697810189, "category_id": "200", "custom_sid": "", "tv_archive": 0, "direct_source": "https:\/\/thetvapp.to\/tv\/hallmark-movies-mysteries-hd-live-stream\/", "tv_archive_duration": 0 }, { "num": 49, "name": "HBO 2 East", "stream_type": "live", "stream_id": 49, "stream_icon": "http:\/\/schedulesdirect-api20141201-logos.s3.dualstack.us-east-1.amazonaws.com\/stationLogos\/s68140_dark_360w_270h.png", "epg_channel_id": "HBO2.us", "added": 1697810189, "category_id": "200", "custom_sid": "", "tv_archive": 0, "direct_source": "https:\/\/thetvapp.to\/tv\/hbo-2-east-live-stream\/", "tv_archive_duration": 0 }, { "num": 50, "name": "HBO Comedy HD", "stream_type": "live", "stream_id": 50, "stream_icon": "http:\/\/schedulesdirect-api20141201-logos.s3.dualstack.us-east-1.amazonaws.com\/stationLogos\/s18429_dark_360w_270h.png", "epg_channel_id": "HBOComedy.us", "added": 1697810189, "category_id": "200", "custom_sid": "", "tv_archive": 0, "direct_source": "https:\/\/thetvapp.to\/tv\/hbo-comedy-hd-live-stream\/", "tv_archive_duration": 0 }, { "num": 51, "name": "HBO East", "stream_type": "live", "stream_id": 51, "stream_icon": "http:\/\/schedulesdirect-api20141201-logos.s3.dualstack.us-east-1.amazonaws.com\/stationLogos\/s10240_dark_360w_270h.png", "epg_channel_id": "HBO.us", "added": 1697810189, "category_id": "200", "custom_sid": "", "tv_archive": 0, "direct_source": "https:\/\/thetvapp.to\/tv\/hbo-east-live-stream\/", "tv_archive_duration": 0 }, { "num": 52, "name": "HBO Family East", "stream_type": "live", "stream_id": 52, "stream_icon": "http:\/\/schedulesdirect-api20141201-logos.s3.dualstack.us-east-1.amazonaws.com\/stationLogos\/s16585_dark_360w_270h.png", "epg_channel_id": "HBOFamily.us", "added": 1697810189, "category_id": "200", "custom_sid": "", "tv_archive": 0, "direct_source": "https:\/\/thetvapp.to\/tv\/hbo-family-east-live-stream\/", "tv_archive_duration": 0 }, { "num": 53, "name": "HBO Signature", "stream_type": "live", "stream_id": 53, "stream_icon": "http:\/\/schedulesdirect-api20141201-logos.s3.dualstack.us-east-1.amazonaws.com\/stationLogos\/s10243_dark_360w_270h.png", "epg_channel_id": "HBOSignature.us", "added": 1697810189, "category_id": "200", "custom_sid": "", "tv_archive": 0, "direct_source": "https:\/\/thetvapp.to\/tv\/hbo-signature-live-stream\/", "tv_archive_duration": 0 }, { "num": 54, "name": "HBO Zone HD", "stream_type": "live", "stream_id": 54, "stream_icon": "http:\/\/schedulesdirect-api20141201-logos.s3.dualstack.us-east-1.amazonaws.com\/stationLogos\/s18431_dark_360w_270h.png", "epg_channel_id": "HBOZone.us", "added": 1697810189, "category_id": "200", "custom_sid": "", "tv_archive": 0, "direct_source": "https:\/\/thetvapp.to\/tv\/hbo-zone-hd-live-stream\/", "tv_archive_duration": 0 }, { "num": 55, "name": "HGTV", "stream_type": "live", "stream_id": 55, "stream_icon": "http:\/\/schedulesdirect-api20141201-logos.s3.dualstack.us-east-1.amazonaws.com\/stationLogos\/s14902_dark_360w_270h.png", "epg_channel_id": "HGTV.us", "added": 1697810189, "category_id": "200", "custom_sid": "", "tv_archive": 0, "direct_source": "https:\/\/thetvapp.to\/tv\/hgtv-live-stream\/", "tv_archive_duration": 0 }, { "num": 56, "name": "History", "stream_type": "live", "stream_id": 56, "stream_icon": "http:\/\/schedulesdirect-api20141201-logos.s3.dualstack.us-east-1.amazonaws.com\/stationLogos\/s14771_dark_360w_270h.png", "epg_channel_id": "History.us", "added": 1697810189, "category_id": "200", "custom_sid": "", "tv_archive": 0, "direct_source": "https:\/\/thetvapp.to\/tv\/history-live-stream\/", "tv_archive_duration": 0 }, { "num": 57, "name": "HLN", "stream_type": "live", "stream_id": 57, "stream_icon": "http:\/\/schedulesdirect-api20141201-logos.s3.dualstack.us-east-1.amazonaws.com\/stationLogos\/s10145_dark_360w_270h.png", "epg_channel_id": "HLN.us", "added": 1697810189, "category_id": "200", "custom_sid": "", "tv_archive": 0, "direct_source": "https:\/\/thetvapp.to\/tv\/hln-live-stream\/", "tv_archive_duration": 0 }, { "num": 58, "name": "IFC", "stream_type": "live", "stream_id": 58, "stream_icon": "http:\/\/schedulesdirect-api20141201-logos.s3.dualstack.us-east-1.amazonaws.com\/stationLogos\/s14873_dark_360w_270h.png", "epg_channel_id": "IFC.us", "added": 1697810189, "category_id": "200", "custom_sid": "", "tv_archive": 0, "direct_source": "https:\/\/thetvapp.to\/tv\/ifc-live-stream\/", "tv_archive_duration": 0 }, { "num": 59, "name": "Investigation Discovery", "stream_type": "live", "stream_id": 59, "stream_icon": "http:\/\/schedulesdirect-api20141201-logos.s3.dualstack.us-east-1.amazonaws.com\/stationLogos\/s16615_dark_360w_270h.png", "epg_channel_id": "InvestigationDiscovery.us", "added": 1697810189, "category_id": "200", "custom_sid": "", "tv_archive": 0, "direct_source": "https:\/\/thetvapp.to\/tv\/investigation-discovery-live-stream\/", "tv_archive_duration": 0 }, { "num": 60, "name": "ION Television East HD", "stream_type": "live", "stream_id": 60, "stream_icon": "http:\/\/schedulesdirect-api20141201-logos.s3.dualstack.us-east-1.amazonaws.com\/stationLogos\/s18633_dark_360w_270h.png", "epg_channel_id": "IONTelevision.us", "added": 1697810189, "category_id": "200", "custom_sid": "", "tv_archive": 0, "direct_source": "https:\/\/thetvapp.to\/tv\/ion-television-east-hd-live-stream\/", "tv_archive_duration": 0 }, { "num": 61, "name": "Lifetime", "stream_type": "live", "stream_id": 61, "stream_icon": "http:\/\/schedulesdirect-api20141201-logos.s3.dualstack.us-east-1.amazonaws.com\/stationLogos\/s10918_dark_360w_270h.png", "epg_channel_id": "Lifetime.us", "added": 1697810189, "category_id": "200", "custom_sid": "", "tv_archive": 0, "direct_source": "https:\/\/thetvapp.to\/tv\/lifetime-live-stream\/", "tv_archive_duration": 0 }, { "num": 62, "name": "LMN", "stream_type": "live", "stream_id": 62, "stream_icon": "http:\/\/schedulesdirect-api20141201-logos.s3.dualstack.us-east-1.amazonaws.com\/stationLogos\/s18480_dark_360w_270h.png", "epg_channel_id": "LMN.us", "added": 1697810189, "category_id": "200", "custom_sid": "", "tv_archive": 0, "direct_source": "https:\/\/thetvapp.to\/tv\/lmn-live-stream\/", "tv_archive_duration": 0 }, { "num": 63, "name": "Logo", "stream_type": "live", "stream_id": 63, "stream_icon": "http:\/\/schedulesdirect-api20141201-logos.s3.dualstack.us-east-1.amazonaws.com\/stationLogos\/s46762_dark_360w_270h.png", "epg_channel_id": "Logo.us", "added": 1697810189, "category_id": "200", "custom_sid": "", "tv_archive": 0, "direct_source": "https:\/\/thetvapp.to\/tv\/logo-live-stream\/", "tv_archive_duration": 0 }, { "num": 64, "name": "MLB Network", "stream_type": "live", "stream_id": 64, "stream_icon": "http:\/\/schedulesdirect-api20141201-logos.s3.dualstack.us-east-1.amazonaws.com\/stationLogos\/s62081_dark_360w_270h.png", "epg_channel_id": "MLBNetwork.us", "added": 1697810189, "category_id": "200", "custom_sid": "", "tv_archive": 0, "direct_source": "https:\/\/thetvapp.to\/tv\/mlb-network-live-stream\/", "tv_archive_duration": 0 }, { "num": 65, "name": "MoreMAX", "stream_type": "live", "stream_id": 65, "stream_icon": "http:\/\/schedulesdirect-api20141201-logos.s3.dualstack.us-east-1.amazonaws.com\/stationLogos\/s10121_dark_360w_270h.png", "epg_channel_id": "MoreMAX.us", "added": 1697810189, "category_id": "200", "custom_sid": "", "tv_archive": 0, "direct_source": "https:\/\/thetvapp.to\/tv\/moremax-live-stream\/", "tv_archive_duration": 0 }, { "num": 66, "name": "MotorTrend HD", "stream_type": "live", "stream_id": 66, "stream_icon": "http:\/\/schedulesdirect-api20141201-logos.s3.dualstack.us-east-1.amazonaws.com\/stationLogos\/s31046_dark_360w_270h.png", "epg_channel_id": "MOTORTREND.us", "added": 1697810189, "category_id": "200", "custom_sid": "", "tv_archive": 0, "direct_source": "https:\/\/thetvapp.to\/tv\/motortrend-hd-live-stream\/", "tv_archive_duration": 0 }, { "num": 67, "name": "MovieMAX", "stream_type": "live", "stream_id": 67, "stream_icon": "http:\/\/schedulesdirect-api20141201-logos.s3.dualstack.us-east-1.amazonaws.com\/stationLogos\/s25621_dark_360w_270h.png", "epg_channel_id": "MovieMax.us", "added": 1697810189, "category_id": "200", "custom_sid": "", "tv_archive": 0, "direct_source": "https:\/\/thetvapp.to\/tv\/moviemax-live-stream\/", "tv_archive_duration": 0 }, { "num": 68, "name": "MSNBC", "stream_type": "live", "stream_id": 68, "stream_icon": "http:\/\/schedulesdirect-api20141201-logos.s3.dualstack.us-east-1.amazonaws.com\/stationLogos\/s16300_dark_360w_270h.png", "epg_channel_id": "MSNBC.us", "added": 1697810189, "category_id": "200", "custom_sid": "", "tv_archive": 0, "direct_source": "https:\/\/thetvapp.to\/tv\/msnbc-live-stream\/", "tv_archive_duration": 0 }, { "num": 69, "name": "MTV", "stream_type": "live", "stream_id": 69, "stream_icon": "http:\/\/schedulesdirect-api20141201-logos.s3.dualstack.us-east-1.amazonaws.com\/stationLogos\/s10986_dark_360w_270h.png", "epg_channel_id": "MTV.us", "added": 1697810189, "category_id": "200", "custom_sid": "", "tv_archive": 0, "direct_source": "https:\/\/thetvapp.to\/tv\/mtv-live-stream\/", "tv_archive_duration": 0 }, { "num": 70, "name": "Nat Geo WILD", "stream_type": "live", "stream_id": 70, "stream_icon": "http:\/\/schedulesdirect-api20141201-logos.s3.dualstack.us-east-1.amazonaws.com\/stationLogos\/s66804_dark_360w_270h.png", "epg_channel_id": "NationalGeographicWild.us", "added": 1697810189, "category_id": "200", "custom_sid": "", "tv_archive": 0, "direct_source": "https:\/\/thetvapp.to\/tv\/nat-geo-wild-live-stream\/", "tv_archive_duration": 0 }, { "num": 71, "name": "National Geographic", "stream_type": "live", "stream_id": 71, "stream_icon": "http:\/\/schedulesdirect-api20141201-logos.s3.dualstack.us-east-1.amazonaws.com\/stationLogos\/s49438_dark_360w_270h.png", "epg_channel_id": "NationalGeographic.us", "added": 1697810189, "category_id": "200", "custom_sid": "", "tv_archive": 0, "direct_source": "https:\/\/thetvapp.to\/tv\/national-geographic-live-stream\/", "tv_archive_duration": 0 }, { "num": 72, "name": "NBA TV", "stream_type": "live", "stream_id": 72, "stream_icon": "http:\/\/schedulesdirect-api20141201-logos.s3.dualstack.us-east-1.amazonaws.com\/stationLogos\/s32281_dark_360w_270h.png", "epg_channel_id": "NBATV.us", "added": 1697810189, "category_id": "200", "custom_sid": "", "tv_archive": 0, "direct_source": "https:\/\/thetvapp.to\/tv\/nba-tv-live-stream\/", "tv_archive_duration": 0 }, { "num": 73, "name": "Newsmax TV", "stream_type": "live", "stream_id": 73, "stream_icon": "http:\/\/schedulesdirect-api20141201-logos.s3.dualstack.us-east-1.amazonaws.com\/stationLogos\/s87925_dark_360w_270h.png", "epg_channel_id": "NewsmaxTV.us", "added": 1697810189, "category_id": "200", "custom_sid": "", "tv_archive": 0, "direct_source": "https:\/\/thetvapp.to\/tv\/newsmax-tv\/", "tv_archive_duration": 0 }, { "num": 74, "name": "NFL Network", "stream_type": "live", "stream_id": 74, "stream_icon": "http:\/\/schedulesdirect-api20141201-logos.s3.dualstack.us-east-1.amazonaws.com\/stationLogos\/s34710_dark_360w_270h.png", "epg_channel_id": "NFLNetwork.us", "added": 1697810189, "category_id": "200", "custom_sid": "", "tv_archive": 0, "direct_source": "https:\/\/thetvapp.to\/tv\/nfl-network-live-stream\/", "tv_archive_duration": 0 }, { "num": 75, "name": "NFL Red Zone", "stream_type": "live", "stream_id": 75, "stream_icon": "http:\/\/schedulesdirect-api20141201-logos.s3.dualstack.us-east-1.amazonaws.com\/stationLogos\/s65025_dark_360w_270h.png", "epg_channel_id": "NFLRedZone.us", "added": 1697810189, "category_id": "200", "custom_sid": "", "tv_archive": 0, "direct_source": "https:\/\/thetvapp.to\/tv\/nfl-red-zone\/", "tv_archive_duration": 0 }, { "num": 76, "name": "NHL Network", "stream_type": "live", "stream_id": 76, "stream_icon": "http:\/\/schedulesdirect-api20141201-logos.s3.dualstack.us-east-1.amazonaws.com\/stationLogos\/s58570_dark_360w_270h.png", "epg_channel_id": "NHLNetwork.us", "added": 1697810189, "category_id": "200", "custom_sid": "", "tv_archive": 0, "direct_source": "https:\/\/thetvapp.to\/tv\/nhl-network-live-stream\/", "tv_archive_duration": 0 }, { "num": 77, "name": "Nick Jr.", "stream_type": "live", "stream_id": 77, "stream_icon": "http:\/\/schedulesdirect-api20141201-logos.s3.dualstack.us-east-1.amazonaws.com\/stationLogos\/s19211_dark_360w_270h.png", "epg_channel_id": "NickJr.us", "added": 1697810189, "category_id": "200", "custom_sid": "", "tv_archive": 0, "direct_source": "https:\/\/thetvapp.to\/tv\/nick-jr-live-stream\/", "tv_archive_duration": 0 }, { "num": 78, "name": "Nickelodeon East", "stream_type": "live", "stream_id": 78, "stream_icon": "http:\/\/schedulesdirect-api20141201-logos.s3.dualstack.us-east-1.amazonaws.com\/stationLogos\/s11006_dark_360w_270h.png", "epg_channel_id": "Nickelodeon.us", "added": 1697810189, "category_id": "200", "custom_sid": "", "tv_archive": 0, "direct_source": "https:\/\/thetvapp.to\/tv\/nickelodeon-east-live-stream\/", "tv_archive_duration": 0 }, { "num": 79, "name": "Nicktoons", "stream_type": "live", "stream_id": 79, "stream_icon": "http:\/\/schedulesdirect-api20141201-logos.s3.dualstack.us-east-1.amazonaws.com\/stationLogos\/s30420_dark_360w_270h.png", "epg_channel_id": "Nicktoons.us", "added": 1697810189, "category_id": "200", "custom_sid": "", "tv_archive": 0, "direct_source": "https:\/\/thetvapp.to\/tv\/nicktoons-live-stream\/", "tv_archive_duration": 0 }, { "num": 80, "name": "Outdoor Channel", "stream_type": "live", "stream_id": 80, "stream_icon": "http:\/\/schedulesdirect-api20141201-logos.s3.dualstack.us-east-1.amazonaws.com\/stationLogos\/s14776_dark_360w_270h.png", "epg_channel_id": "OutdoorChannel.us", "added": 1697810189, "category_id": "200", "custom_sid": "", "tv_archive": 0, "direct_source": "https:\/\/thetvapp.to\/tv\/outdoor-channel-live-stream\/", "tv_archive_duration": 0 }, { "num": 81, "name": "OWN", "stream_type": "live", "stream_id": 81, "stream_icon": "http:\/\/schedulesdirect-api20141201-logos.s3.dualstack.us-east-1.amazonaws.com\/stationLogos\/s70388_dark_360w_270h.png", "epg_channel_id": "OprahWinfreyNetwork.us", "added": 1697810189, "category_id": "200", "custom_sid": "", "tv_archive": 0, "direct_source": "https:\/\/thetvapp.to\/tv\/own-live-stream\/", "tv_archive_duration": 0 }, { "num": 82, "name": "Oxygen True Crime", "stream_type": "live", "stream_id": 82, "stream_icon": "http:\/\/schedulesdirect-api20141201-logos.s3.dualstack.us-east-1.amazonaws.com\/stationLogos\/s21484_dark_360w_270h.png", "epg_channel_id": "OxygenTrueCrime.us", "added": 1697810189, "category_id": "200", "custom_sid": "", "tv_archive": 0, "direct_source": "https:\/\/thetvapp.to\/tv\/oxygen-true-crime-live-stream\/", "tv_archive_duration": 0 }, { "num": 83, "name": "ReelzChannel", "stream_type": "live", "stream_id": 83, "stream_icon": "http:\/\/schedulesdirect-api20141201-logos.s3.dualstack.us-east-1.amazonaws.com\/stationLogos\/s52199_dark_360w_270h.png", "epg_channel_id": "ReelzChannel.us", "added": 1697810189, "category_id": "200", "custom_sid": "", "tv_archive": 0, "direct_source": "https:\/\/thetvapp.to\/tv\/reelzchannel-live-stream\/", "tv_archive_duration": 0 }, { "num": 84, "name": "Science", "stream_type": "live", "stream_id": 84, "stream_icon": "http:\/\/schedulesdirect-api20141201-logos.s3.dualstack.us-east-1.amazonaws.com\/stationLogos\/s16616_dark_360w_270h.png", "epg_channel_id": "Science.us", "added": 1697810189, "category_id": "200", "custom_sid": "", "tv_archive": 0, "direct_source": "https:\/\/thetvapp.to\/tv\/science-live-stream\/", "tv_archive_duration": 0 }, { "num": 85, "name": "Showtime (E)", "stream_type": "live", "stream_id": 85, "stream_icon": "http:\/\/schedulesdirect-api20141201-logos.s3.dualstack.us-east-1.amazonaws.com\/stationLogos\/s11115_dark_360w_270h.png", "epg_channel_id": "Showtime.us", "added": 1697810189, "category_id": "200", "custom_sid": "", "tv_archive": 0, "direct_source": "https:\/\/thetvapp.to\/tv\/showtime-e-live-stream\/", "tv_archive_duration": 0 }, { "num": 86, "name": "SHOWTIME 2", "stream_type": "live", "stream_id": 86, "stream_icon": "http:\/\/schedulesdirect-api20141201-logos.s3.dualstack.us-east-1.amazonaws.com\/stationLogos\/s11116_dark_360w_270h.png", "epg_channel_id": "Showtime2.us", "added": 1697810189, "category_id": "200", "custom_sid": "", "tv_archive": 0, "direct_source": "https:\/\/thetvapp.to\/tv\/showtime-2-live-stream\/", "tv_archive_duration": 0 }, { "num": 87, "name": "STARZ East", "stream_type": "live", "stream_id": 87, "stream_icon": "http:\/\/schedulesdirect-api20141201-logos.s3.dualstack.us-east-1.amazonaws.com\/stationLogos\/s12719_dark_360w_270h.png", "epg_channel_id": "Starz(Pacific).us", "added": 1697810189, "category_id": "200", "custom_sid": "", "tv_archive": 0, "direct_source": "https:\/\/thetvapp.to\/tv\/starz-east-live-stream\/", "tv_archive_duration": 0 }, { "num": 88, "name": "SundanceTV HD", "stream_type": "live", "stream_id": 88, "stream_icon": "http:\/\/schedulesdirect-api20141201-logos.s3.dualstack.us-east-1.amazonaws.com\/stationLogos\/s16108_dark_360w_270h.png", "epg_channel_id": "SundanceTV.us", "added": 1697810189, "category_id": "200", "custom_sid": "", "tv_archive": 0, "direct_source": "https:\/\/thetvapp.to\/tv\/sundancetv-hd-live-stream\/", "tv_archive_duration": 0 }, { "num": 89, "name": "SYFY", "stream_type": "live", "stream_id": 89, "stream_icon": "http:\/\/schedulesdirect-api20141201-logos.s3.dualstack.us-east-1.amazonaws.com\/stationLogos\/s11097_dark_360w_270h.png", "epg_channel_id": "SYFY.us", "added": 1697810189, "category_id": "200", "custom_sid": "", "tv_archive": 0, "direct_source": "https:\/\/thetvapp.to\/tv\/syfy-live-stream\/", "tv_archive_duration": 0 }, { "num": 90, "name": "TBS", "stream_type": "live", "stream_id": 90, "stream_icon": "http:\/\/schedulesdirect-api20141201-logos.s3.dualstack.us-east-1.amazonaws.com\/stationLogos\/s11867_dark_360w_270h.png", "epg_channel_id": "TBS.us", "added": 1697810189, "category_id": "200", "custom_sid": "", "tv_archive": 0, "direct_source": "https:\/\/thetvapp.to\/tv\/tbs-live-stream\/", "tv_archive_duration": 0 }, { "num": 91, "name": "TCM", "stream_type": "live", "stream_id": 91, "stream_icon": "http:\/\/schedulesdirect-api20141201-logos.s3.dualstack.us-east-1.amazonaws.com\/stationLogos\/s12852_dark_360w_270h.png", "epg_channel_id": "TurnerClassicMovies.us", "added": 1697810189, "category_id": "200", "custom_sid": "", "tv_archive": 0, "direct_source": "https:\/\/thetvapp.to\/tv\/tcm-live-stream\/", "tv_archive_duration": 0 }, { "num": 92, "name": "TeenNick", "stream_type": "live", "stream_id": 92, "stream_icon": "http:\/\/schedulesdirect-api20141201-logos.s3.dualstack.us-east-1.amazonaws.com\/stationLogos\/s59036_dark_360w_270h.png", "epg_channel_id": "TeenNick.us", "added": 1697810189, "category_id": "200", "custom_sid": "", "tv_archive": 0, "direct_source": "https:\/\/thetvapp.to\/tv\/teennick-live-stream\/", "tv_archive_duration": 0 }, { "num": 93, "name": "Telemundo East", "stream_type": "live", "stream_id": 93, "stream_icon": "http:\/\/schedulesdirect-api20141201-logos.s3.dualstack.us-east-1.amazonaws.com\/stationLogos\/s10239_dark_360w_270h.png", "epg_channel_id": "Telemundo(Spanish).us", "added": 1697810189, "category_id": "200", "custom_sid": "", "tv_archive": 0, "direct_source": "https:\/\/thetvapp.to\/tv\/telemundo-east-live-stream\/", "tv_archive_duration": 0 }, { "num": 94, "name": "Tennis Channel", "stream_type": "live", "stream_id": 94, "stream_icon": "http:\/\/schedulesdirect-api20141201-logos.s3.dualstack.us-east-1.amazonaws.com\/stationLogos\/s33395_dark_360w_270h.png", "epg_channel_id": "TennisChannel.us", "added": 1697810189, "category_id": "200", "custom_sid": "", "tv_archive": 0, "direct_source": "https:\/\/thetvapp.to\/tv\/tennis-channel-live-stream\/", "tv_archive_duration": 0 }, { "num": 95, "name": "The Movie Channel East", "stream_type": "live", "stream_id": 95, "stream_icon": "http:\/\/schedulesdirect-api20141201-logos.s3.dualstack.us-east-1.amazonaws.com\/stationLogos\/s11160_dark_360w_270h.png", "epg_channel_id": "TheMovieChannel.us", "added": 1697810189, "category_id": "200", "custom_sid": "", "tv_archive": 0, "direct_source": "https:\/\/thetvapp.to\/tv\/the-movie-channel-east-live-stream\/", "tv_archive_duration": 0 }, { "num": 96, "name": "The Weather Channel", "stream_type": "live", "stream_id": 96, "stream_icon": "http:\/\/schedulesdirect-api20141201-logos.s3.dualstack.us-east-1.amazonaws.com\/stationLogos\/s58812_dark_360w_270h.png", "epg_channel_id": "TheWeatherChannel.us", "added": 1697810189, "category_id": "200", "custom_sid": "", "tv_archive": 0, "direct_source": "https:\/\/thetvapp.to\/tv\/the-weather-channel-live-stream\/", "tv_archive_duration": 0 }, { "num": 97, "name": "TLC", "stream_type": "live", "stream_id": 97, "stream_icon": "http:\/\/schedulesdirect-api20141201-logos.s3.dualstack.us-east-1.amazonaws.com\/stationLogos\/s11158_dark_360w_270h.png", "epg_channel_id": "TLC.us", "added": 1697810189, "category_id": "200", "custom_sid": "", "tv_archive": 0, "direct_source": "https:\/\/thetvapp.to\/tv\/tlc-live-stream\/", "tv_archive_duration": 0 }, { "num": 98, "name": "TNT", "stream_type": "live", "stream_id": 98, "stream_icon": "http:\/\/schedulesdirect-api20141201-logos.s3.dualstack.us-east-1.amazonaws.com\/stationLogos\/s11164_dark_360w_270h.png", "epg_channel_id": "TNT.us", "added": 1697810189, "category_id": "200", "custom_sid": "", "tv_archive": 0, "direct_source": "https:\/\/thetvapp.to\/tv\/tnt-live-stream\/", "tv_archive_duration": 0 }, { "num": 99, "name": "Travel Channel", "stream_type": "live", "stream_id": 99, "stream_icon": "http:\/\/schedulesdirect-api20141201-logos.s3.dualstack.us-east-1.amazonaws.com\/stationLogos\/s11180_dark_360w_270h.png", "epg_channel_id": "TheTravelChannel.us", "added": 1697810189, "category_id": "200", "custom_sid": "", "tv_archive": 0, "direct_source": "https:\/\/thetvapp.to\/tv\/travel-channel-live-stream\/", "tv_archive_duration": 0 }, { "num": 100, "name": "truTV", "stream_type": "live", "stream_id": 100, "stream_icon": "http:\/\/schedulesdirect-api20141201-logos.s3.dualstack.us-east-1.amazonaws.com\/stationLogos\/s10153_dark_360w_270h.png", "epg_channel_id": "truTV.us", "added": 1697810189, "category_id": "200", "custom_sid": "", "tv_archive": 0, "direct_source": "https:\/\/thetvapp.to\/tv\/trutv-live-stream\/", "tv_archive_duration": 0 }, { "num": 101, "name": "TV One HD", "stream_type": "live", "stream_id": 101, "stream_icon": "http:\/\/schedulesdirect-api20141201-logos.s3.amazonaws.com\/stationLogos\/s35513_dark_360w_270h.png", "epg_channel_id": "TVONE.us", "added": 1697810189, "category_id": "200", "custom_sid": "", "tv_archive": 0, "direct_source": "https:\/\/thetvapp.to\/tv\/tv-one-hd-live-stream\/", "tv_archive_duration": 0 }, { "num": 102, "name": "Universal Kids", "stream_type": "live", "stream_id": 102, "stream_icon": "http:\/\/schedulesdirect-api20141201-logos.s3.dualstack.us-east-1.amazonaws.com\/stationLogos\/s47540_dark_360w_270h.png", "epg_channel_id": "UniversalKids.us", "added": 1697810189, "category_id": "200", "custom_sid": "", "tv_archive": 0, "direct_source": "https:\/\/thetvapp.to\/tv\/universal-kids-live-stream\/", "tv_archive_duration": 0 }, { "num": 103, "name": "Univision East", "stream_type": "live", "stream_id": 103, "stream_icon": "http:\/\/schedulesdirect-api20141201-logos.s3.dualstack.us-east-1.amazonaws.com\/stationLogos\/s11118_dark_360w_270h.png", "epg_channel_id": "UnivisionNetwork(Spanish).us", "added": 1697810189, "category_id": "200", "custom_sid": "", "tv_archive": 0, "direct_source": "https:\/\/thetvapp.to\/tv\/univision-east-live-stream\/", "tv_archive_duration": 0 }, { "num": 104, "name": "USA Network", "stream_type": "live", "stream_id": 104, "stream_icon": "http:\/\/schedulesdirect-api20141201-logos.s3.dualstack.us-east-1.amazonaws.com\/stationLogos\/s11207_dark_360w_270h.png", "epg_channel_id": "USANetwork.us", "added": 1697810189, "category_id": "200", "custom_sid": "", "tv_archive": 0, "direct_source": "https:\/\/thetvapp.to\/tv\/usa-network-live-stream\/", "tv_archive_duration": 0 }, { "num": 105, "name": "VH1", "stream_type": "live", "stream_id": 105, "stream_icon": "http:\/\/schedulesdirect-api20141201-logos.s3.dualstack.us-east-1.amazonaws.com\/stationLogos\/s11218_dark_360w_270h.png", "epg_channel_id": "VH1.us", "added": 1697810189, "category_id": "200", "custom_sid": "", "tv_archive": 0, "direct_source": "https:\/\/thetvapp.to\/tv\/vh1-live-stream\/", "tv_archive_duration": 0 }, { "num": 106, "name": "VICE", "stream_type": "live", "stream_id": 106, "stream_icon": "http:\/\/schedulesdirect-api20141201-logos.s3.dualstack.us-east-1.amazonaws.com\/stationLogos\/s18822_dark_360w_270h.png", "epg_channel_id": "Vice.us", "added": 1697810189, "category_id": "200", "custom_sid": "", "tv_archive": 0, "direct_source": "https:\/\/thetvapp.to\/tv\/vice-live-stream\/", "tv_archive_duration": 0 }, { "num": 107, "name": "WABC (New York) ABC East", "stream_type": "live", "stream_id": 107, "stream_icon": "http:\/\/schedulesdirect-api20141201-logos.s3.dualstack.us-east-1.amazonaws.com\/stationLogos\/s10003_dark_360w_270h.png", "epg_channel_id": "WABC.us", "added": 1697810189, "category_id": "200", "custom_sid": "", "tv_archive": 0, "direct_source": "https:\/\/thetvapp.to\/tv\/wabc-new-york-abc-east-live-stream\/", "tv_archive_duration": 0 }, { "num": 108, "name": "WCBS (New York) CBS East", "stream_type": "live", "stream_id": 108, "stream_icon": "http:\/\/schedulesdirect-api20141201-logos.s3.dualstack.us-east-1.amazonaws.com\/stationLogos\/s10098_dark_360w_270h.png", "epg_channel_id": "WCBS.us", "added": 1697810189, "category_id": "200", "custom_sid": "", "tv_archive": 0, "direct_source": "https:\/\/thetvapp.to\/tv\/wcbs-new-york-cbs-east-live-stream\/", "tv_archive_duration": 0 }, { "num": 109, "name": "WE tv", "stream_type": "live", "stream_id": 109, "stream_icon": "http:\/\/schedulesdirect-api20141201-logos.s3.dualstack.us-east-1.amazonaws.com\/stationLogos\/s16409_dark_360w_270h.png", "epg_channel_id": "WEtv.us", "added": 1697810189, "category_id": "200", "custom_sid": "", "tv_archive": 0, "direct_source": "https:\/\/thetvapp.to\/tv\/we-tv-live-stream\/", "tv_archive_duration": 0 }, { "num": 110, "name": "WNBC (New York) NBC East", "stream_type": "live", "stream_id": 110, "stream_icon": "http:\/\/schedulesdirect-api20141201-logos.s3.dualstack.us-east-1.amazonaws.com\/stationLogos\/s10991_dark_360w_270h.png", "epg_channel_id": "WNBC.us", "added": 1697810189, "category_id": "200", "custom_sid": "", "tv_archive": 0, "direct_source": "https:\/\/thetvapp.to\/tv\/wnbc-new-york-nbc-east-live-stream\/", "tv_archive_duration": 0 }, { "num": 111, "name": "WNYW (New York) FOX East", "stream_type": "live", "stream_id": 111, "stream_icon": "http:\/\/schedulesdirect-api20141201-logos.s3.dualstack.us-east-1.amazonaws.com\/stationLogos\/s10212_dark_360w_270h.png", "epg_channel_id": "WNYW.us", "added": 1697810189, "category_id": "200", "custom_sid": "", "tv_archive": 0, "direct_source": "https:\/\/thetvapp.to\/tv\/wnyw-new-york-fox-east-live-stream\/", "tv_archive_duration": 0 } ]